document,result
"Theo Bộ Tư pháp, năm 2023, mặc dù số thụ lý mới về việc và giá trị tăng cao, nhưng với sự bám sát chủ trương của Đảng, Chính phủ, phối hợp tích cực của các cấp, ngành, các cơ quan đã thi hành xong 574.819 việc; thu, giải quyết trên 89.000 tỉ đồng, tăng hơn 14.000 tỉ đồng so với năm 2022. Trong đó, thu hồi tài sản các vụ án hình sự về kinh tế, tham nhũng tăng hơn 4.415 tỉ đồng. Sự kiện tiếp theo là việc chính thức cấp giấy tờ hộ tịch điện tử, góp phần thúc đẩy chuyển đổi số trong hoạt động của bộ, ngành tư pháp. Thực hiện Chỉ thị số 05/2023 của Thủ tướng về tiếp tục đẩy mạnh triển khai Đề án 06, Bộ Tư pháp đã thực hiện nâng cấp, bổ sung tính năng tạo lập bản điện tử giấy khai sinh, trích lục khai tử của phần mềm đăng ký, quản lý hộ tịch điện tử dùng chung, gửi cho phần mềm dịch vụ công liên thông. Đồng thời thực hiện liên thông 2 nhóm thủ tục hành chính liên quan đến đăng ký khai sinh, đăng ký khai tử; triển khai thí điểm tại TP.Hà Nội và tỉnh Hà Nam, từ ngày 17.4. Theo Bộ Tư pháp, việc cấp giấy tờ hộ tịch điện tử đã góp phần đơn giản hóa, cắt giảm thủ tục hành chính, phiền hà, thời gian, chi phí cho người dân, doanh nghiệp. Việc này cũng giúp chính quyền các cấp nâng cao năng lực quản lý, điều hành, từ đó thúc đẩy tăng trưởng kinh tế và nâng cao năng lực cạnh tranh quốc gia. Một sự kiện khác, đó là lần đầu tiên thiết lập cơ chế phối hợp trực trợ giúp pháp lý trong điều tra hình sự. Ngày 24.11, Bộ Tư pháp và Bộ Công an ký kết chương trình phối hợp trực trợ giúp pháp lý trong điều tra hình sự. Việc này nhằm bảo đảm người bị tố giác, người bị kiến nghị khởi tố, bị bắt… hoặc đương sự trong vụ án hình sự biết và sử dụng dịch vụ trợ giúp pháp lý kịp thời ngay tại giai đoạn đầu của quá trình tố tụng hình. Chương trình sẽ góp phần bảo vệ có hiệu quả quyền và lợi ích hợp pháp của những đối tượng trên, hạn chế bỏ sót đối tượng thuộc diện được trợ giúp pháp lý.","Năm 2023, Bộ Tư pháp của Việt Nam thông báo rằng mặc dù có sự tăng cao về số lượng và giá trị các vụ án mới, nhưng với sự hỗ trợ chặt chẽ từ Đảng, Chính phủ, và sự hợp tác tích cực của các cấp, ngành, đã thực hiện thành công 574.819 vụ án, thu và giải quyết hơn 89.000 tỷ đồng, tăng hơn 14.000 tỷ đồng so với năm 2022. Trong đó, việc thu hồi tài sản từ các vụ án liên quan đến kinh tế và tham nhũng đã tăng hơn 4.415 tỷ đồng. Sự kiện tiếp theo là việc chính thức cấp giấy tờ hộ tịch điện tử, đóng góp vào quá trình chuyển đổi số trong lĩnh vực tư pháp. Bộ Tư pháp đã thực hiện nâng cấp và bổ sung tính năng cho việc tạo lập bản điện tử giấy khai sinh, trích lục khai tử, và triển khai liên thông giữa các thủ tục hành chính liên quan đến đăng ký khai sinh và khai tử. Việc cấp giấy tờ hộ tịch điện tử đã giảm bớt thủ tục hành chính, tiết kiệm thời gian và chi phí cho người dân và doanh nghiệp, đồng thời nâng cao năng lực quản lý của chính quyền. Một sự kiện quan trọng khác là thiết lập cơ chế phối hợp trực trợ giúp pháp lý trong điều tra hình sự, được Bộ Tư pháp và Bộ Công an ký kết. Chương trình này nhằm đảm bảo quyền lợi hợp pháp của những đối tượng liên quan đến vụ án hình sự và giúp họ tiếp cận dịch vụ trợ giúp pháp lý kịp thời trong giai đoạn đầu của quá trình tố tụng."
"Việt Nam, với lịch sử phong phú và những kỳ quan thiên nhiên ngoạn mục, là điểm đến không thể bỏ qua vào năm 2024. Từ phố cổ Hội An đến cảnh quan tuyệt đẹp của vịnh Hạ Long, Việt Nam hứa hẹn một hành trình xuyên thời gian và thiên nhiên. Khám phá những ngôi đền cổ xưa của Mỹ Sơn, đi bộ qua các con phố trong khu phố cổ Hà Nội và chiêm nghiệm trước những tàn tích của chiến tranh. Lịch sử của đất nước được dệt nên từ văn hóa, mang đến trải nghiệm du lịch độc đáo và sâu sắc. Những núi đá vôi của vịnh Hạ Long, những cánh đồng lúa bậc thang của Sa Pa và màu sắc rực rỡ của Đồng bằng sông Cửu Long thể hiện vẻ đẹp tự nhiên đa dạng của Việt Nam. Những người đam mê thiên nhiên sẽ tìm thấy niềm an ủi trước những cảnh quan đẹp như tranh vẽ của đất nước.","Việt Nam, với lịch sử đa dạng và kỳ quan thiên nhiên tuyệt vời, là điểm đến không thể bỏ qua trong năm 2024. Từ phố cổ Hội An đến vịnh Hạ Long, đất nước hứa hẹn một hành trình kỳ diệu qua thời gian và thiên nhiên. Du khám những ngôi đền cổ Mỹ Sơn, đắm chìm trong phố cổ Hà Nội và chứng kiến những di tích chiến tranh là những trải nghiệm đặc sắc. Lịch sử của Việt Nam, kết hợp với văn hóa, mang đến du lịch độc đáo và sâu sắc. Từ vịnh Hạ Long đến Sa Pa và Đồng bằng sông Cửu Long, vẻ đẹp tự nhiên của Việt Nam thể hiện sự đa dạng tuyệt vời. Những người yêu thiên nhiên sẽ tận hưởng niềm hạnh phúc trước những khung cảnh như tranh."
"Khách chi tiêu nhiều, sao DN vẫn khó ? Là đơn vị trực tiếp tham gia nhiều hoạt động xây dựng tour, tuyến mới trên địa bàn TP.HCM, ông T.Đ, Giám đốc một DN du lịch tại TP, vô cùng hoang mang trước số liệu ""đẹp như mơ"" từ Sở Du lịch. Bởi, tăng trưởng bình quân năm nay cả nước chỉ đạt 5%, suốt 9 tháng du lịch ""tê liệt"", các điểm đến đều mất khách, sức mua yếu; riêng tại TP.HCM thì khách quốc tế mới chỉ đạt hơn 60% so với năm 2019, khách nội địa tăng trưởng không bao nhiêu, hệ thống khách sạn, nhà hàng còn chật vật, doanh thu chưa đạt tới 50 - 60% so với trước dịch. ""Vậy thì khách tiêu tiền ở đâu? Tiêu chỗ nào? Ai là người trực tiếp bán cho khách? Sao khách chi tiêu nhiều thế mà nhà hàng vẫn đóng, khách sạn vẫn sang nhượng, công ty du lịch vẫn phải cắt giảm lương thưởng cho nhân sự?"", ông T.Đ đặt một loạt câu hỏi. Về 3 động lực giúp tăng doanh thu kỷ lục mà Sở Du lịch nêu, ông T.Đ phân tích: Với hệ thống sản phẩm, phải ghi nhận thời gian qua ngành du lịch TP đã rất nỗ lực mang đến bộ sản phẩm có nhiều thay đổi và khác biệt. Tuy nhiên, tập trung làm hệ thống citytour hiện nay chủ yếu chỉ có 3 - 4 DN chủ lực và xác định gánh lỗ để cùng TP xây dựng sản phẩm, tuyến điểm. DN làm citytour không phải mục đích gom khách du lịch mà là định tuyến cho khách vãng lai hình dung được những điểm cần đến, hành trình nên đi khi tới TP.HCM. Vì thế, DN làm citytour thường bán với giá sát chi phí, thậm chí chấp nhận bán dưới giá thành. Các điểm tham quan khi nằm trong tuyến cố định đã có sự chuyển biến tốt, được biết đến nhiều hơn, du khách và người dân TP đến tham quan nhiều hơn. Song, quá trình này mới ở bước đầu tiên, chưa có nơi nào khách tăng đột biến đủ lập nên mức doanh thu kỷ lục. Về dòng tour liên kết với các địa phương, chủ yếu các tỉnh thành đang tận dụng TP như một nguồn khách lớn. DN có thể dễ dàng chứng minh tăng trưởng đưa khách từ TP đi các tỉnh, còn chiều ngược lại, đón khách từ nơi khác đến TP thì khó. TP.HCM cũng đang hướng tới mục tiêu liên kết để thu hút khách từ các tỉnh thành khác về TP. Riêng với sản phẩm du lịch đêm, vị này khẳng định tổng thu du lịch từ chợ đêm, kinh tế đêm đến nay không ai đo lường được vì thực tế chưa hình thành. Đề án kinh tế đêm Thủ tướng mới phát động, các chợ đêm chạy từ các đề án ra chưa tới 2 tháng. Chủ yếu chi tiêu về đêm của khách du lịch vẫn tập trung ở các khu phố Tây Bùi Viện, Phạm Ngũ Lão… mà thực tế những khu vực này lượng khách lấp đầy vẫn còn thua xa thời điểm trước dịch. ""Bản thân với các DN du lịch như chúng tôi, doanh thu như thời 2019 đến nay vẫn là mơ ước và nếu thuận lợi lắm thì tới 2026 may ra mới chạm tới được. Sở Du lịch TP nên giải trình kỹ hơn về các con số này bởi nếu số liệu chưa sát thực tế sẽ kéo theo hệ lụy rất lớn. Áp lực ""số đẹp"" năm sau phải hơn năm trước có thể dẫn đến trào lưu gắn số cộng thêm phần trăm tăng trưởng. Số liệu không chính xác thì chính sách cũng sẽ không chính xác, DN sẽ không có cơ sở để xây dựng kế hoạch hành động"", ông T.Đ nhấn mạnh. Đồng tình, PGS-TS Phạm Trung Lương, nguyên Phó viện trưởng Viện Nghiên cứu phát triển du lịch, cho hay từ nhiều năm trước khi tham gia góp ý quy hoạch du lịch cho TP.HCM, ông đã lưu ý cần thống kê chính xác và hiểu cho đúng lượng khách đến TP.HCM. TP luôn tự hào chiếm tới 50% tổng lượng khách quốc tế đến VN nhưng trong số đó, bao nhiêu khách ở lại lưu trú, chi tiêu, bao nhiêu khách chỉ quá cảnh trong ngày rồi đi tới điểm khác, thì không được phân tích. Chưa kể, nguồn khách thống kê từ đâu, từ cảng hàng không hay theo lượng vé bán ra từ các điểm du lịch, các khách sạn… cũng không phân loại rõ ràng. ""Số quá đẹp mà thực tế khó khăn sẽ dẫn đến việc Chính phủ không xem xét chính sách gỡ khó, không cần cho thêm cơ chế đặc thù vì thấy đang tốt quá rồi. Các DN thì vừa áp lực, vừa mặc cảm không hiểu vì sao thị trường sôi động thế mà mình vẫn chật vật. Ngược lại, nếu con số tăng trưởng đè xuống quá thấp sẽ đánh mất giá trị đóng góp của ngành đối với nền kinh tế"", PGS-TS Phạm Trung Lương nêu quan điểm.",
"Theo Bộ Tư pháp, năm 2023, mặc dù số thụ lý mới về việc và giá trị tăng cao, nhưng với sự bám sát chủ trương của Đảng, Chính phủ, phối hợp tích cực của các cấp, ngành, các cơ quan đã thi hành xong 574.819 việc; thu, giải quyết trên 89.000 tỉ đồng, tăng hơn 14.000 tỉ đồng so với năm 2022. Trong đó, thu hồi tài sản các vụ án hình sự về kinh tế, tham nhũng tăng hơn 4.415 tỉ đồng. Sự kiện tiếp theo là việc chính thức cấp giấy tờ hộ tịch điện tử, góp phần thúc đẩy chuyển đổi số trong hoạt động của bộ, ngành tư pháp. Thực hiện Chỉ thị số 05/2023 của Thủ tướng về tiếp tục đẩy mạnh triển khai Đề án 06, Bộ Tư pháp đã thực hiện nâng cấp, bổ sung tính năng tạo lập bản điện tử giấy khai sinh, trích lục khai tử của phần mềm đăng ký, quản lý hộ tịch điện tử dùng chung, gửi cho phần mềm dịch vụ công liên thông. Đồng thời thực hiện liên thông 2 nhóm thủ tục hành chính liên quan đến đăng ký khai sinh, đăng ký khai tử; triển khai thí điểm tại TP.Hà Nội và tỉnh Hà Nam, từ ngày 17.4. Theo Bộ Tư pháp, việc cấp giấy tờ hộ tịch điện tử đã góp phần đơn giản hóa, cắt giảm thủ tục hành chính, phiền hà, thời gian, chi phí cho người dân, doanh nghiệp. Việc này cũng giúp chính quyền các cấp nâng cao năng lực quản lý, điều hành, từ đó thúc đẩy tăng trưởng kinh tế và nâng cao năng lực cạnh tranh quốc gia. Một sự kiện khác, đó là lần đầu tiên thiết lập cơ chế phối hợp trực trợ giúp pháp lý trong điều tra hình sự. Ngày 24.11, Bộ Tư pháp và Bộ Công an ký kết chương trình phối hợp trực trợ giúp pháp lý trong điều tra hình sự. Việc này nhằm bảo đảm người bị tố giác, người bị kiến nghị khởi tố, bị bắt… hoặc đương sự trong vụ án hình sự biết và sử dụng dịch vụ trợ giúp pháp lý kịp thời ngay tại giai đoạn đầu của quá trình tố tụng hình. Chương trình sẽ góp phần bảo vệ có hiệu quả quyền và lợi ích hợp pháp của những đối tượng trên, hạn chế bỏ sót đối tượng thuộc diện được trợ giúp pháp lý.",
"Việt Nam, với lịch sử phong phú và những kỳ quan thiên nhiên ngoạn mục, là điểm đến không thể bỏ qua vào năm 2024. Từ phố cổ Hội An đến cảnh quan tuyệt đẹp của vịnh Hạ Long, Việt Nam hứa hẹn một hành trình xuyên thời gian và thiên nhiên. Khám phá những ngôi đền cổ xưa của Mỹ Sơn, đi bộ qua các con phố trong khu phố cổ Hà Nội và chiêm nghiệm trước những tàn tích của chiến tranh. Lịch sử của đất nước được dệt nên từ văn hóa, mang đến trải nghiệm du lịch độc đáo và sâu sắc. Những núi đá vôi của vịnh Hạ Long, những cánh đồng lúa bậc thang của Sa Pa và màu sắc rực rỡ của Đồng bằng sông Cửu Long thể hiện vẻ đẹp tự nhiên đa dạng của Việt Nam. Những người đam mê thiên nhiên sẽ tìm thấy niềm an ủi trước những cảnh quan đẹp như tranh vẽ của đất nước.",
"Khách chi tiêu nhiều, sao DN vẫn khó ? Là đơn vị trực tiếp tham gia nhiều hoạt động xây dựng tour, tuyến mới trên địa bàn TP.HCM, ông T.Đ, Giám đốc một DN du lịch tại TP, vô cùng hoang mang trước số liệu ""đẹp như mơ"" từ Sở Du lịch. Bởi, tăng trưởng bình quân năm nay cả nước chỉ đạt 5%, suốt 9 tháng du lịch ""tê liệt"", các điểm đến đều mất khách, sức mua yếu; riêng tại TP.HCM thì khách quốc tế mới chỉ đạt hơn 60% so với năm 2019, khách nội địa tăng trưởng không bao nhiêu, hệ thống khách sạn, nhà hàng còn chật vật, doanh thu chưa đạt tới 50 - 60% so với trước dịch. ""Vậy thì khách tiêu tiền ở đâu? Tiêu chỗ nào? Ai là người trực tiếp bán cho khách? Sao khách chi tiêu nhiều thế mà nhà hàng vẫn đóng, khách sạn vẫn sang nhượng, công ty du lịch vẫn phải cắt giảm lương thưởng cho nhân sự?"", ông T.Đ đặt một loạt câu hỏi. Về 3 động lực giúp tăng doanh thu kỷ lục mà Sở Du lịch nêu, ông T.Đ phân tích: Với hệ thống sản phẩm, phải ghi nhận thời gian qua ngành du lịch TP đã rất nỗ lực mang đến bộ sản phẩm có nhiều thay đổi và khác biệt. Tuy nhiên, tập trung làm hệ thống citytour hiện nay chủ yếu chỉ có 3 - 4 DN chủ lực và xác định gánh lỗ để cùng TP xây dựng sản phẩm, tuyến điểm. DN làm citytour không phải mục đích gom khách du lịch mà là định tuyến cho khách vãng lai hình dung được những điểm cần đến, hành trình nên đi khi tới TP.HCM. Vì thế, DN làm citytour thường bán với giá sát chi phí, thậm chí chấp nhận bán dưới giá thành. Các điểm tham quan khi nằm trong tuyến cố định đã có sự chuyển biến tốt, được biết đến nhiều hơn, du khách và người dân TP đến tham quan nhiều hơn. Song, quá trình này mới ở bước đầu tiên, chưa có nơi nào khách tăng đột biến đủ lập nên mức doanh thu kỷ lục. Về dòng tour liên kết với các địa phương, chủ yếu các tỉnh thành đang tận dụng TP như một nguồn khách lớn. DN có thể dễ dàng chứng minh tăng trưởng đưa khách từ TP đi các tỉnh, còn chiều ngược lại, đón khách từ nơi khác đến TP thì khó. TP.HCM cũng đang hướng tới mục tiêu liên kết để thu hút khách từ các tỉnh thành khác về TP. Riêng với sản phẩm du lịch đêm, vị này khẳng định tổng thu du lịch từ chợ đêm, kinh tế đêm đến nay không ai đo lường được vì thực tế chưa hình thành. Đề án kinh tế đêm Thủ tướng mới phát động, các chợ đêm chạy từ các đề án ra chưa tới 2 tháng. Chủ yếu chi tiêu về đêm của khách du lịch vẫn tập trung ở các khu phố Tây Bùi Viện, Phạm Ngũ Lão… mà thực tế những khu vực này lượng khách lấp đầy vẫn còn thua xa thời điểm trước dịch. ""Bản thân với các DN du lịch như chúng tôi, doanh thu như thời 2019 đến nay vẫn là mơ ước và nếu thuận lợi lắm thì tới 2026 may ra mới chạm tới được. Sở Du lịch TP nên giải trình kỹ hơn về các con số này bởi nếu số liệu chưa sát thực tế sẽ kéo theo hệ lụy rất lớn. Áp lực ""số đẹp"" năm sau phải hơn năm trước có thể dẫn đến trào lưu gắn số cộng thêm phần trăm tăng trưởng. Số liệu không chính xác thì chính sách cũng sẽ không chính xác, DN sẽ không có cơ sở để xây dựng kế hoạch hành động"", ông T.Đ nhấn mạnh. Đồng tình, PGS-TS Phạm Trung Lương, nguyên Phó viện trưởng Viện Nghiên cứu phát triển du lịch, cho hay từ nhiều năm trước khi tham gia góp ý quy hoạch du lịch cho TP.HCM, ông đã lưu ý cần thống kê chính xác và hiểu cho đúng lượng khách đến TP.HCM. TP luôn tự hào chiếm tới 50% tổng lượng khách quốc tế đến VN nhưng trong số đó, bao nhiêu khách ở lại lưu trú, chi tiêu, bao nhiêu khách chỉ quá cảnh trong ngày rồi đi tới điểm khác, thì không được phân tích. Chưa kể, nguồn khách thống kê từ đâu, từ cảng hàng không hay theo lượng vé bán ra từ các điểm du lịch, các khách sạn… cũng không phân loại rõ ràng. ""Số quá đẹp mà thực tế khó khăn sẽ dẫn đến việc Chính phủ không xem xét chính sách gỡ khó, không cần cho thêm cơ chế đặc thù vì thấy đang tốt quá rồi. Các DN thì vừa áp lực, vừa mặc cảm không hiểu vì sao thị trường sôi động thế mà mình vẫn chật vật. Ngược lại, nếu con số tăng trưởng đè xuống quá thấp sẽ đánh mất giá trị đóng góp của ngành đối với nền kinh tế"", PGS-TS Phạm Trung Lương nêu quan điểm.",
"Theo Bộ Tư pháp, năm 2023, mặc dù số thụ lý mới về việc và giá trị tăng cao, nhưng với sự bám sát chủ trương của Đảng, Chính phủ, phối hợp tích cực của các cấp, ngành, các cơ quan đã thi hành xong 574.819 việc; thu, giải quyết trên 89.000 tỉ đồng, tăng hơn 14.000 tỉ đồng so với năm 2022. Trong đó, thu hồi tài sản các vụ án hình sự về kinh tế, tham nhũng tăng hơn 4.415 tỉ đồng. Sự kiện tiếp theo là việc chính thức cấp giấy tờ hộ tịch điện tử, góp phần thúc đẩy chuyển đổi số trong hoạt động của bộ, ngành tư pháp. Thực hiện Chỉ thị số 05/2023 của Thủ tướng về tiếp tục đẩy mạnh triển khai Đề án 06, Bộ Tư pháp đã thực hiện nâng cấp, bổ sung tính năng tạo lập bản điện tử giấy khai sinh, trích lục khai tử của phần mềm đăng ký, quản lý hộ tịch điện tử dùng chung, gửi cho phần mềm dịch vụ công liên thông. Đồng thời thực hiện liên thông 2 nhóm thủ tục hành chính liên quan đến đăng ký khai sinh, đăng ký khai tử; triển khai thí điểm tại TP.Hà Nội và tỉnh Hà Nam, từ ngày 17.4. Theo Bộ Tư pháp, việc cấp giấy tờ hộ tịch điện tử đã góp phần đơn giản hóa, cắt giảm thủ tục hành chính, phiền hà, thời gian, chi phí cho người dân, doanh nghiệp. Việc này cũng giúp chính quyền các cấp nâng cao năng lực quản lý, điều hành, từ đó thúc đẩy tăng trưởng kinh tế và nâng cao năng lực cạnh tranh quốc gia. Một sự kiện khác, đó là lần đầu tiên thiết lập cơ chế phối hợp trực trợ giúp pháp lý trong điều tra hình sự. Ngày 24.11, Bộ Tư pháp và Bộ Công an ký kết chương trình phối hợp trực trợ giúp pháp lý trong điều tra hình sự. Việc này nhằm bảo đảm người bị tố giác, người bị kiến nghị khởi tố, bị bắt… hoặc đương sự trong vụ án hình sự biết và sử dụng dịch vụ trợ giúp pháp lý kịp thời ngay tại giai đoạn đầu của quá trình tố tụng hình. Chương trình sẽ góp phần bảo vệ có hiệu quả quyền và lợi ích hợp pháp của những đối tượng trên, hạn chế bỏ sót đối tượng thuộc diện được trợ giúp pháp lý.",
"Việt Nam, với lịch sử phong phú và những kỳ quan thiên nhiên ngoạn mục, là điểm đến không thể bỏ qua vào năm 2024. Từ phố cổ Hội An đến cảnh quan tuyệt đẹp của vịnh Hạ Long, Việt Nam hứa hẹn một hành trình xuyên thời gian và thiên nhiên. Khám phá những ngôi đền cổ xưa của Mỹ Sơn, đi bộ qua các con phố trong khu phố cổ Hà Nội và chiêm nghiệm trước những tàn tích của chiến tranh. Lịch sử của đất nước được dệt nên từ văn hóa, mang đến trải nghiệm du lịch độc đáo và sâu sắc. Những núi đá vôi của vịnh Hạ Long, những cánh đồng lúa bậc thang của Sa Pa và màu sắc rực rỡ của Đồng bằng sông Cửu Long thể hiện vẻ đẹp tự nhiên đa dạng của Việt Nam. Những người đam mê thiên nhiên sẽ tìm thấy niềm an ủi trước những cảnh quan đẹp như tranh vẽ của đất nước.",
"Khách chi tiêu nhiều, sao DN vẫn khó ? Là đơn vị trực tiếp tham gia nhiều hoạt động xây dựng tour, tuyến mới trên địa bàn TP.HCM, ông T.Đ, Giám đốc một DN du lịch tại TP, vô cùng hoang mang trước số liệu ""đẹp như mơ"" từ Sở Du lịch. Bởi, tăng trưởng bình quân năm nay cả nước chỉ đạt 5%, suốt 9 tháng du lịch ""tê liệt"", các điểm đến đều mất khách, sức mua yếu; riêng tại TP.HCM thì khách quốc tế mới chỉ đạt hơn 60% so với năm 2019, khách nội địa tăng trưởng không bao nhiêu, hệ thống khách sạn, nhà hàng còn chật vật, doanh thu chưa đạt tới 50 - 60% so với trước dịch. ""Vậy thì khách tiêu tiền ở đâu? Tiêu chỗ nào? Ai là người trực tiếp bán cho khách? Sao khách chi tiêu nhiều thế mà nhà hàng vẫn đóng, khách sạn vẫn sang nhượng, công ty du lịch vẫn phải cắt giảm lương thưởng cho nhân sự?"", ông T.Đ đặt một loạt câu hỏi. Về 3 động lực giúp tăng doanh thu kỷ lục mà Sở Du lịch nêu, ông T.Đ phân tích: Với hệ thống sản phẩm, phải ghi nhận thời gian qua ngành du lịch TP đã rất nỗ lực mang đến bộ sản phẩm có nhiều thay đổi và khác biệt. Tuy nhiên, tập trung làm hệ thống citytour hiện nay chủ yếu chỉ có 3 - 4 DN chủ lực và xác định gánh lỗ để cùng TP xây dựng sản phẩm, tuyến điểm. DN làm citytour không phải mục đích gom khách du lịch mà là định tuyến cho khách vãng lai hình dung được những điểm cần đến, hành trình nên đi khi tới TP.HCM. Vì thế, DN làm citytour thường bán với giá sát chi phí, thậm chí chấp nhận bán dưới giá thành. Các điểm tham quan khi nằm trong tuyến cố định đã có sự chuyển biến tốt, được biết đến nhiều hơn, du khách và người dân TP đến tham quan nhiều hơn. Song, quá trình này mới ở bước đầu tiên, chưa có nơi nào khách tăng đột biến đủ lập nên mức doanh thu kỷ lục. Về dòng tour liên kết với các địa phương, chủ yếu các tỉnh thành đang tận dụng TP như một nguồn khách lớn. DN có thể dễ dàng chứng minh tăng trưởng đưa khách từ TP đi các tỉnh, còn chiều ngược lại, đón khách từ nơi khác đến TP thì khó. TP.HCM cũng đang hướng tới mục tiêu liên kết để thu hút khách từ các tỉnh thành khác về TP. Riêng với sản phẩm du lịch đêm, vị này khẳng định tổng thu du lịch từ chợ đêm, kinh tế đêm đến nay không ai đo lường được vì thực tế chưa hình thành. Đề án kinh tế đêm Thủ tướng mới phát động, các chợ đêm chạy từ các đề án ra chưa tới 2 tháng. Chủ yếu chi tiêu về đêm của khách du lịch vẫn tập trung ở các khu phố Tây Bùi Viện, Phạm Ngũ Lão… mà thực tế những khu vực này lượng khách lấp đầy vẫn còn thua xa thời điểm trước dịch. ""Bản thân với các DN du lịch như chúng tôi, doanh thu như thời 2019 đến nay vẫn là mơ ước và nếu thuận lợi lắm thì tới 2026 may ra mới chạm tới được. Sở Du lịch TP nên giải trình kỹ hơn về các con số này bởi nếu số liệu chưa sát thực tế sẽ kéo theo hệ lụy rất lớn. Áp lực ""số đẹp"" năm sau phải hơn năm trước có thể dẫn đến trào lưu gắn số cộng thêm phần trăm tăng trưởng. Số liệu không chính xác thì chính sách cũng sẽ không chính xác, DN sẽ không có cơ sở để xây dựng kế hoạch hành động"", ông T.Đ nhấn mạnh. Đồng tình, PGS-TS Phạm Trung Lương, nguyên Phó viện trưởng Viện Nghiên cứu phát triển du lịch, cho hay từ nhiều năm trước khi tham gia góp ý quy hoạch du lịch cho TP.HCM, ông đã lưu ý cần thống kê chính xác và hiểu cho đúng lượng khách đến TP.HCM. TP luôn tự hào chiếm tới 50% tổng lượng khách quốc tế đến VN nhưng trong số đó, bao nhiêu khách ở lại lưu trú, chi tiêu, bao nhiêu khách chỉ quá cảnh trong ngày rồi đi tới điểm khác, thì không được phân tích. Chưa kể, nguồn khách thống kê từ đâu, từ cảng hàng không hay theo lượng vé bán ra từ các điểm du lịch, các khách sạn… cũng không phân loại rõ ràng. ""Số quá đẹp mà thực tế khó khăn sẽ dẫn đến việc Chính phủ không xem xét chính sách gỡ khó, không cần cho thêm cơ chế đặc thù vì thấy đang tốt quá rồi. Các DN thì vừa áp lực, vừa mặc cảm không hiểu vì sao thị trường sôi động thế mà mình vẫn chật vật. Ngược lại, nếu con số tăng trưởng đè xuống quá thấp sẽ đánh mất giá trị đóng góp của ngành đối với nền kinh tế"", PGS-TS Phạm Trung Lương nêu quan điểm.",
